chr,method,size_in_memory_gb
1_11_21,linarg,8.209250912
1_11_21,scipy,477.470264269
1_11_21,grg,19.404320768