chr	grg_disk_size	xsi_disk_size	grg_size_in_memory	scipy_size_in_memory
1	4.9904185980558395	6.212586473673582	10.867740672	261.250998389
11	3.3783176383003592	3.837584801018238	7.586983936	168.791739012
21	0.9507099827751516	1.0785461626946926	2.146844672	47.427526868
