chr	method	size_in_memory_gb
1	scipy	254.071071583
11	scipy	164.419231759
21	scipy	46.204323838